<?xml version="1.0" encoding="UTF-8"?>
<project xmlns="http://www.netbeans.org/ns/project/1">
    <type>com.microchip.mplab.nbide.embedded.makeproject</type>
    <configuration>
        <data xmlns="http://www.netbeans.org/ns/make-project/1">
            <name>finalproject</name>
            <creation-uuid>8bd71210-02b4-4fb8-8a31-c434b1645cfb</creation-uuid>
            <make-project-type>0</make-project-type>
            <c-extensions>c</c-extensions>
            <cpp-extensions/>
            <header-extensions>h</header-extensions>
            <asminc-extensions/>
            <sourceEncoding>ISO-8859-1</sourceEncoding>
            <make-dep-projects/>
            <sourceRootList>
                <sourceRootElem>.</sourceRootElem>
                <sourceRootElem>../../../FAL6UK8IF7IPBKD/LCDDriver/i2c_utils_files</sourceRootElem>
                <sourceRootElem>../../../FAL6UK8IF7IPBKD/LCDDriver/lcd_i2c_pcf8574_files</sourceRootElem>
                <sourceRootElem>../../../FAL6UK8IF7IPBKD/LCDDriver/lcd_utils_files</sourceRootElem>
                <sourceRootElem>../../../FAL6UK8IF7IPBKD/LCDDriver/timer_files</sourceRootElem>
                <sourceRootElem>../FAL6UK8IF7IPBKD/LCDDriver/i2c_utils_files</sourceRootElem>
                <sourceRootElem>../FAL6UK8IF7IPBKD/LCDDriver/lcd_i2c_pcf8574_files</sourceRootElem>
                <sourceRootElem>../FAL6UK8IF7IPBKD/LCDDriver/lcd_utils_files</sourceRootElem>
                <sourceRootElem>../FAL6UK8IF7IPBKD/LCDDriver/timer_files</sourceRootElem>
            </sourceRootList>
            <confList>
                <confElem>
                    <name>default</name>
                    <type>2</type>
                </confElem>
            </confList>
            <formatting>
                <project-formatting-style>false</project-formatting-style>
            </formatting>
        </data>
    </configuration>
</project>
